Ticker,Name,Sector,Group,Exchange,Provider
^GSPC,S&P 500 Index,Broad Market,Index,US,
^FTSE,FTSE 100 Index,Broad Market,Index,UK,
^HSI,Hang Seng Index,Broad Market,Index,HK,
^N225,Nikkei 225 Index,Broad Market,Index,JP,
XLK,Technology Select Sector SPDR Fund,Technology,SectorETFs,US,SPDR
XLV,Health Care Select Sector SPDR Fund,Health Care,SectorETFs,US,SPDR
XLF,Financial Select Sector SPDR Fund,Financials,SectorETFs,US,SPDR
XLY,Consumer Discretionary Select Sector SPDR Fund,Consumer Discretionary,SectorETFs,US,SPDR
XLP,Consumer Staples Select Sector SPDR Fund,Consumer Staples,SectorETFs,US,SPDR
XLE,Energy Select Sector SPDR Fund,Energy,SectorETFs,US,SPDR
XLI,Industrial Select Sector SPDR Fund,Industrials,SectorETFs,US,SPDR
XLU,Utilities Select Sector SPDR Fund,Utilities,SectorETFs,US,SPDR
XLB,Materials Select Sector SPDR Fund,Materials,SectorETFs,US,SPDR
XLRE,Real Estate Select Sector SPDR Fund,Real Estate,SectorETFs,US,SPDR
XLC,Communication Services Select Sector SPDR Fund,Communication Services,SectorETFs,US,SPDR
VGT,Vanguard Information Technology ETF,Technology,SectorETFs,US,Vanguard
VHT,Vanguard Health Care ETF,Health Care,SectorETFs,US,Vanguard
VFH,Vanguard Financials ETF,Financials,SectorETFs,US,Vanguard
VCR,Vanguard Consumer Discretionary ETF,Consumer Discretionary,SectorETFs,US,Vanguard
VDE,Vanguard Energy ETF,Energy,SectorETFs,US,Vanguard
VIS,Vanguard Industrials ETF,Industrials,SectorETFs,US,Vanguard
VPU,Vanguard Utilities ETF,Utilities,SectorETFs,US,Vanguard
VAW,Vanguard Materials ETF,Materials,SectorETFs,US,Vanguard
VNQ,Vanguard Real Estate ETF,Real Estate,SectorETFs,US,Vanguard
IYW,iShares U.S. Technology ETF,Technology,SectorETFs,US,iShares
IYH,iShares U.S. Healthcare ETF,Health Care,SectorETFs,US,iShares
IYF,iShares U.S. Financials ETF,Financials,SectorETFs,US,iShares
IYC,iShares U.S. Consumer Discretionary ETF,Consumer Discretionary,SectorETFs,US,iShares
IYE,iShares U.S. Energy ETF,Energy,SectorETFs,US,iShares
IYJ,iShares U.S. Industrials ETF,Industrials,SectorETFs,US,iShares
IDU,iShares U.S. Utilities ETF,Utilities,SectorETFs,US,iShares
IYM,iShares U.S. Basic Materials ETF,Materials,SectorETFs,US,iShares
IYR,iShares U.S. Real Estate ETF,Real Estate,SectorETFs,US,iShares
A,,,SP500,US,
AAL,,,SP500,US,
AAPL,,,SP500,US,
ABBV,,,SP500,US,
ABNB,,,SP500,US,
ABT,,,SP500,US,
ACGL,,,SP500,US,
ACI,,,SP500,US,
ACN,,,SP500,US,
ADBE,,,SP500,US,
ADI,,,SP500,US,
ADM,,,SP500,US,
ADP,,,SP500,US,
ADSK,,,SP500,US,
AEE,,,SP500,US,
AEP,,,SP500,US,
AES,,,SP500,US,
AFL,,,SP500,US,
AIG,,,SP500,US,
AIZ,,,SP500,US,
AJG,,,SP500,US,
AKAM,,,SP500,US,
ALB,,,SP500,US,
ALGN,,,SP500,US,
ALL,,,SP500,US,
ALLE,,,SP500,US,
AMAT,,,SP500,US,
AMCR,,,SP500,US,
AMD,,,SP500,US,
AME,,,SP500,US,
AMGN,,,SP500,US,
AMP,,,SP500,US,
AMT,,,SP500,US,
AMZN,,,SP500,US,
ANET,,,SP500,US,
AON,,,SP500,US,
AOS,,,SP500,US,
APA,,,SP500,US,
APD,,,SP500,US,
APH,,,SP500,US,
APTV,,,SP500,US,
ARE,,,SP500,US,
ATO,,,SP500,US,
AVB,,,SP500,US,
AVGO,,,SP500,US,
AVY,,,SP500,US,
AWK,,,SP500,US,
AXON,,,SP500,US,
AXP,,,SP500,US,
AZO,,,SP500,US,
BA,,,SP500,US,
BAC,,,SP500,US,
BALL,,,SP500,US,
BAX,,,SP500,US,
BBWI,,,SP500,US,
BBY,,,SP500,US,
BDX,,,SP500,US,
BEN,,,SP500,US,
BF-B,,,SP500,US,
BG,,,SP500,US,
BIIB,,,SP500,US,
BIO,,,SP500,US,
BK,,,SP500,US,
BKNG,,,SP500,US,
BKR,,,SP500,US,
BLDR,,,SP500,US,
BLK,,,SP500,US,
BMY,,,SP500,US,
BR,,,SP500,US,
BRK-B,,,SP500,US,
BRO,,,SP500,US,
BSX,,,SP500,US,
BWA,,,SP500,US,
BX,,,SP500,US,
BXP,,,SP500,US,
C,,,SP500,US,
CAG,,,SP500,US,
CAH,,,SP500,US,
CARR,,,SP500,US,
CAT,,,SP500,US,
CB,,,SP500,US,
CBOE,,,SP500,US,
CBRE,,,SP500,US,
CCI,,,SP500,US,
CCL,,,SP500,US,
CDNS,,,SP500,US,
CDW,,,SP500,US,
CE,,,SP500,US,
CEG,,,SP500,US,
CF,,,SP500,US,
CFG,,,SP500,US,
CHD,,,SP500,US,
CHRW,,,SP500,US,
CHTR,,,SP500,US,
CI,,,SP500,US,
CINF,,,SP500,US,
CL,,,SP500,US,
CLX,,,SP500,US,
CMA,,,SP500,US,
CMCSA,,,SP500,US,
CME,,,SP500,US,
CMG,,,SP500,US,
CMI,,,SP500,US,
CMS,,,SP500,US,
CNC,,,SP500,US,
CNP,,,SP500,US,
COF,,,SP500,US,
COO,,,SP500,US,
COP,,,SP500,US,
COR,,,SP500,US,
COST,,,SP500,US,
CPAY,,,SP500,US,
CPB,,,SP500,US,
CPRT,,,SP500,US,
CPT,,,SP500,US,
CRL,,,SP500,US,
CRM,,,SP500,US,
CRWD,,,SP500,US,
CSCO,,,SP500,US,
CSGP,,,SP500,US,
CSX,,,SP500,US,
CTAS,,,SP500,US,
CTRA,,,SP500,US,
CTSH,,,SP500,US,
CTVA,,,SP500,US,
CVS,,,SP500,US,
CVX,,,SP500,US,
CZR,,,SP500,US,
D,,,SP500,US,
DAL,,,SP500,US,
DAY,,,SP500,US,
DD,,,SP500,US,
DE,,,SP500,US,
DECK,,,SP500,US,
DEO,,,SP500,US,
DG,,,SP500,US,
DGX,,,SP500,US,
DHI,,,SP500,US,
DHR,,,SP500,US,
DIS,,,SP500,US,
DLR,,,SP500,US,
DLTR,,,SP500,US,
DOC,,,SP500,US,
DOV,,,SP500,US,
DOW,,,SP500,US,
DPZ,,,SP500,US,
DRI,,,SP500,US,
DTE,,,SP500,US,
DUK,,,SP500,US,
DVA,,,SP500,US,
DVN,,,SP500,US,
DXCM,,,SP500,US,
EA,,,SP500,US,
EBAY,,,SP500,US,
ECL,,,SP500,US,
ED,,,SP500,US,
EFX,,,SP500,US,
EG,,,SP500,US,
EIX,,,SP500,US,
EL,,,SP500,US,
ELV,,,SP500,US,
EMN,,,SP500,US,
EMR,,,SP500,US,
ENPH,,,SP500,US,
EOG,,,SP500,US,
EPAM,,,SP500,US,
EQIX,,,SP500,US,
EQR,,,SP500,US,
EQT,,,SP500,US,
ES,,,SP500,US,
ESS,,,SP500,US,
ETN,,,SP500,US,
ETR,,,SP500,US,
EVRG,,,SP500,US,
EW,,,SP500,US,
EXC,,,SP500,US,
EXPD,,,SP500,US,
EXPE,,,SP500,US,
EXR,,,SP500,US,
F,,,SP500,US,
FANG,,,SP500,US,
FAST,,,SP500,US,
FCX,,,SP500,US,
FDS,,,SP500,US,
FDX,,,SP500,US,
FE,,,SP500,US,
FFIV,,,SP500,US,
FICO,,,SP500,US,
FIS,,,SP500,US,
FITB,,,SP500,US,
FMC,,,SP500,US,
FOX,,,SP500,US,
FOXA,,,SP500,US,
FRT,,,SP500,US,
FSLR,,,SP500,US,
FTNT,,,SP500,US,
FTV,,,SP500,US,
GD,,,SP500,US,
GDDY,,,SP500,US,
GE,,,SP500,US,
GEHC,,,SP500,US,
GEN,,,SP500,US,
GEV,,,SP500,US,
GILD,,,SP500,US,
GIS,,,SP500,US,
GL,,,SP500,US,
GLW,,,SP500,US,
GM,,,SP500,US,
GNRC,,,SP500,US,
GOOG,,,SP500,US,
GOOGL,,,SP500,US,
GPC,,,SP500,US,
GPN,,,SP500,US,
GRMN,,,SP500,US,
GS,,,SP500,US,
GWW,,,SP500,US,
HAL,,,SP500,US,
HAS,,,SP500,US,
HBAN,,,SP500,US,
HCA,,,SP500,US,
HD,,,SP500,US,
HIG,,,SP500,US,
HII,,,SP500,US,
HLT,,,SP500,US,
HOLX,,,SP500,US,
HON,,,SP500,US,
HPE,,,SP500,US,
HPQ,,,SP500,US,
HRL,,,SP500,US,
HSIC,,,SP500,US,
HST,,,SP500,US,
HSY,,,SP500,US,
HUBB,,,SP500,US,
HUM,,,SP500,US,
HWM,,,SP500,US,
IBM,,,SP500,US,
ICE,,,SP500,US,
IDXX,,,SP500,US,
IEX,,,SP500,US,
IFF,,,SP500,US,
ILMN,,,SP500,US,
INCY,,,SP500,US,
INTC,,,SP500,US,
INTU,,,SP500,US,
INVH,,,SP500,US,
IP,,,SP500,US,
IQV,,,SP500,US,
IR,,,SP500,US,
IRM,,,SP500,US,
ISRG,,,SP500,US,
IT,,,SP500,US,
ITW,,,SP500,US,
IVZ,,,SP500,US,
J,,,SP500,US,
JBHT,,,SP500,US,
JBL,,,SP500,US,
JCI,,,SP500,US,
JKHY,,,SP500,US,
JNJ,,,SP500,US,
JPM,,,SP500,US,
KDP,,,SP500,US,
KEY,,,SP500,US,
KEYS,,,SP500,US,
KHC,,,SP500,US,
KIM,,,SP500,US,
KKR,,,SP500,US,
KLAC,,,SP500,US,
KMB,,,SP500,US,
KMI,,,SP500,US,
KMX,,,SP500,US,
KO,,,SP500,US,
KR,,,SP500,US,
KVUE,,,SP500,US,
L,,,SP500,US,
LDOS,,,SP500,US,
LEN,,,SP500,US,
LH,,,SP500,US,
LHX,,,SP500,US,
LIN,,,SP500,US,
LKQ,,,SP500,US,
LLY,,,SP500,US,
LMT,,,SP500,US,
LNT,,,SP500,US,
LOW,,,SP500,US,
LRCX,,,SP500,US,
LULU,,,SP500,US,
LUV,,,SP500,US,
LVS,,,SP500,US,
LW,,,SP500,US,
LYB,,,SP500,US,
LYV,,,SP500,US,
MA,,,SP500,US,
MAA,,,SP500,US,
MAR,,,SP500,US,
MAS,,,SP500,US,
MCD,,,SP500,US,
MCHP,,,SP500,US,
MCK,,,SP500,US,
MCO,,,SP500,US,
MDLZ,,,SP500,US,
MDT,,,SP500,US,
MET,,,SP500,US,
META,,,SP500,US,
MGM,,,SP500,US,
MHK,,,SP500,US,
MKC,,,SP500,US,
MKTX,,,SP500,US,
MLM,,,SP500,US,
MMM,,,SP500,US,
MNST,,,SP500,US,
MO,,,SP500,US,
MOH,,,SP500,US,
MOS,,,SP500,US,
MPC,,,SP500,US,
MPWR,,,SP500,US,
MRK,,,SP500,US,
MRNA,,,SP500,US,
MS,,,SP500,US,
MSCI,,,SP500,US,
MSFT,,,SP500,US,
MSI,,,SP500,US,
MTB,,,SP500,US,
MTCH,,,SP500,US,
MTD,,,SP500,US,
MU,,,SP500,US,
NCLH,,,SP500,US,
NDAQ,,,SP500,US,
NEE,,,SP500,US,
NEM,,,SP500,US,
NFLX,,,SP500,US,
NI,,,SP500,US,
NKE,,,SP500,US,
NOC,,,SP500,US,
NOW,,,SP500,US,
NRG,,,SP500,US,
NSC,,,SP500,US,
NTAP,,,SP500,US,
NTRS,,,SP500,US,
NUE,,,SP500,US,
NVDA,,,SP500,US,
NVR,,,SP500,US,
NWS,,,SP500,US,
NWSA,,,SP500,US,
NXPI,,,SP500,US,
O,,,SP500,US,
ODFL,,,SP500,US,
OKE,,,SP500,US,
OMC,,,SP500,US,
ON,,,SP500,US,
ORCL,,,SP500,US,
ORLY,,,SP500,US,
OXY,,,SP500,US,
PANW,,,SP500,US,
PAYC,,,SP500,US,
PAYX,,,SP500,US,
PCAR,,,SP500,US,
PCG,,,SP500,US,
PEG,,,SP500,US,
PEP,,,SP500,US,
PFE,,,SP500,US,
PFG,,,SP500,US,
PG,,,SP500,US,
PGR,,,SP500,US,
PH,,,SP500,US,
PHM,,,SP500,US,
PKG,,,SP500,US,
PLD,,,SP500,US,
PM,,,SP500,US,
PNC,,,SP500,US,
PNR,,,SP500,US,
PNW,,,SP500,US,
PODD,,,SP500,US,
POOL,,,SP500,US,
PPG,,,SP500,US,
PPL,,,SP500,US,
PRU,,,SP500,US,
PSA,,,SP500,US,
PSX,,,SP500,US,
PTC,,,SP500,US,
PWR,,,SP500,US,
PYPL,,,SP500,US,
QCOM,,,SP500,US,
QRVO,,,SP500,US,
RCL,,,SP500,US,
REG,,,SP500,US,
REGN,,,SP500,US,
RF,,,SP500,US,
RJF,,,SP500,US,
RL,,,SP500,US,
RMD,,,SP500,US,
ROK,,,SP500,US,
ROL,,,SP500,US,
ROP,,,SP500,US,
ROST,,,SP500,US,
RSG,,,SP500,US,
RTX,,,SP500,US,
RVTY,,,SP500,US,
SBAC,,,SP500,US,
SBUX,,,SP500,US,
SCHW,,,SP500,US,
SHW,,,SP500,US,
SJM,,,SP500,US,
SLB,,,SP500,US,
SMCI,,,SP500,US,
SNA,,,SP500,US,
SNPS,,,SP500,US,
SO,,,SP500,US,
SPG,,,SP500,US,
SPGI,,,SP500,US,
SRE,,,SP500,US,
STE,,,SP500,US,
STLD,,,SP500,US,
STT,,,SP500,US,
STX,,,SP500,US,
STZ,,,SP500,US,
SWK,,,SP500,US,
SWKS,,,SP500,US,
SYF,,,SP500,US,
SYK,,,SP500,US,
SYY,,,SP500,US,
T,,,SP500,US,
TAP,,,SP500,US,
TDG,,,SP500,US,
TDY,,,SP500,US,
TECH,,,SP500,US,
TEL,,,SP500,US,
TER,,,SP500,US,
TFC,,,SP500,US,
TFX,,,SP500,US,
TGT,,,SP500,US,
TJX,,,SP500,US,
TMO,,,SP500,US,
TMUS,,,SP500,US,
TPR,,,SP500,US,
TRGP,,,SP500,US,
TRMB,,,SP500,US,
TROW,,,SP500,US,
TRV,,,SP500,US,
TSCO,,,SP500,US,
TSLA,,,SP500,US,
TSN,,,SP500,US,
TT,,,SP500,US,
TTWO,,,SP500,US,
TXN,,,SP500,US,
TXT,,,SP500,US,
TYL,,,SP500,US,
UAL,,,SP500,US,
UBER,,,SP500,US,
UDR,,,SP500,US,
UHS,,,SP500,US,
ULTA,,,SP500,US,
UNH,,,SP500,US,
UNP,,,SP500,US,
UPS,,,SP500,US,
URI,,,SP500,US,
USB,,,SP500,US,
V,,,SP500,US,
VICI,,,SP500,US,
VLO,,,SP500,US,
VLTO,,,SP500,US,
VMC,,,SP500,US,
VRSK,,,SP500,US,
VRSN,,,SP500,US,
VRTX,,,SP500,US,
VST,,,SP500,US,
VTR,,,SP500,US,
VTRS,,,SP500,US,
VZ,,,SP500,US,
WAB,,,SP500,US,
WAT,,,SP500,US,
WBD,,,SP500,US,
WEC,,,SP500,US,
WELL,,,SP500,US,
WFC,,,SP500,US,
WM,,,SP500,US,
WMB,,,SP500,US,
WMT,,,SP500,US,
WRB,,,SP500,US,
WST,,,SP500,US,
WTW,,,SP500,US,
WY,,,SP500,US,
WYNN,,,SP500,US,
XEL,,,SP500,US,
XOM,,,SP500,US,
XYL,,,SP500,US,
YUM,,,SP500,US,
ZBH,,,SP500,US,
ZBRA,,,SP500,US,
ZTS,,,SP500,US,
AAF.L,,,FTSE100,UK,
AAL.L,,,FTSE100,UK,
ABF.L,,,FTSE100,UK,
ADM.L,,,FTSE100,UK,
AHT.L,,,FTSE100,UK,
ANTO.L,,,FTSE100,UK,
AV.L,,,FTSE100,UK,
AZN.L,,,FTSE100,UK,
BA.L,,,FTSE100,UK,
BARC.L,,,FTSE100,UK,
BATS.L,,,FTSE100,UK,
BEZ.L,,,FTSE100,UK,
BKG.L,,,FTSE100,UK,
BP.L,,,FTSE100,UK,
BREE.L,,,FTSE100,UK,
BT-A.L,,,FTSE100,UK,
CCH.L,,,FTSE100,UK,
CNA.L,,,FTSE100,UK,
CPG.L,,,FTSE100,UK,
CRDA.L,,,FTSE100,UK,
DCC.L,,,FTSE100,UK,
DGE.L,,,FTSE100,UK,
DPLM.L,,,FTSE100,UK,
EDV.L,,,FTSE100,UK,
ENT.L,,,FTSE100,UK,
EXPN.L,,,FTSE100,UK,
FCIT.L,,,FTSE100,UK,
FERG.L,,,FTSE100,UK,
FLTR.L,,,FTSE100,UK,
FRES.L,,,FTSE100,UK,
GLEN.L,,,FTSE100,UK,
GSK.L,,,FTSE100,UK,
HIK.L,,,FTSE100,UK,
HLMA.L,,,FTSE100,UK,
HLN.L,,,FTSE100,UK,
HSBA.L,,,FTSE100,UK,
HSX.L,,,FTSE100,UK,
IAG.L,,,FTSE100,UK,
ICG.L,,,FTSE100,UK,
IHG.L,,,FTSE100,UK,
III.L,,,FTSE100,UK,
IMB.L,,,FTSE100,UK,
INF.L,,,FTSE100,UK,
ITRK.L,,,FTSE100,UK,
ITV.L,,,FTSE100,UK,
JD.L,,,FTSE100,UK,
KGF.L,,,FTSE100,UK,
LAND.L,,,FTSE100,UK,
LGEN.L,,,FTSE100,UK,
LLOY.L,,,FTSE100,UK,
LMP.L,,,FTSE100,UK,
LSEG.L,,,FTSE100,UK,
MKS.L,,,FTSE100,UK,
MNDI.L,,,FTSE100,UK,
MNG.L,,,FTSE100,UK,
MRO.L,,,FTSE100,UK,
NG.L,,,FTSE100,UK,
NWG.L,,,FTSE100,UK,
NXT.L,,,FTSE100,UK,
OCDO.L,,,FTSE100,UK,
PHNX.L,,,FTSE100,UK,
PRU.L,,,FTSE100,UK,
PSH.L,,,FTSE100,UK,
PSN.L,,,FTSE100,UK,
PSON.L,,,FTSE100,UK,
RCP.L,,,FTSE100,UK,
REL.L,,,FTSE100,UK,
RIO.L,,,FTSE100,UK,
RKT.L,,,FTSE100,UK,
RMV.L,,,FTSE100,UK,
RR.L,,,FTSE100,UK,
SBRY.L,,,FTSE100,UK,
SDR.L,,,FTSE100,UK,
SGE.L,,,FTSE100,UK,
SGRO.L,,,FTSE100,UK,
SKG.L,,,FTSE100,UK,
SMIN.L,,,FTSE100,UK,
SMT.L,,,FTSE100,UK,
SN.L,,,FTSE100,UK,
SPX.L,,,FTSE100,UK,
SSE.L,,,FTSE100,UK,
STAN.L,,,FTSE100,UK,
STJ.L,,,FTSE100,UK,
SVT.L,,,FTSE100,UK,
TSCO.L,,,FTSE100,UK,
TW.L,,,FTSE100,UK,
ULVR.L,,,FTSE100,UK,
UTG.L,,,FTSE100,UK,
UU.L,,,FTSE100,UK,
VOD.L,,,FTSE100,UK,
WPP.L,,,FTSE100,UK,
WTB.L,,,FTSE100,UK,
0001.HK,,,HSI,HK,
0002.HK,,,HSI,HK,
0003.HK,,,HSI,HK,
0005.HK,,,HSI,HK,
0006.HK,,,HSI,HK,
0012.HK,,,HSI,HK,
0016.HK,,,HSI,HK,
0017.HK,,,HSI,HK,
0019.HK,,,HSI,HK,
0020.HK,,,HSI,HK,
0023.HK,,,HSI,HK,
0027.HK,,,HSI,HK,
0066.HK,,,HSI,HK,
0101.HK,,,HSI,HK,
0151.HK,,,HSI,HK,
0175.HK,,,HSI,HK,
0241.HK,,,HSI,HK,
0267.HK,,,HSI,HK,
0268.HK,,,HSI,HK,
0285.HK,,,HSI,HK,
0288.HK,,,HSI,HK,
0291.HK,,,HSI,HK,
0316.HK,,,HSI,HK,
0322.HK,,,HSI,HK,
0386.HK,,,HSI,HK,
0388.HK,,,HSI,HK,
0669.HK,,,HSI,HK,
0688.HK,,,HSI,HK,
0700.HK,,,HSI,HK,
0762.HK,,,HSI,HK,
0823.HK,,,HSI,HK,
0857.HK,,,HSI,HK,
0868.HK,,,HSI,HK,
0881.HK,,,HSI,HK,
0883.HK,,,HSI,HK,
0939.HK,,,HSI,HK,
0941.HK,,,HSI,HK,
0960.HK,,,HSI,HK,
0968.HK,,,HSI,HK,
0992.HK,,,HSI,HK,
1038.HK,,,HSI,HK,
1044.HK,,,HSI,HK,
1088.HK,,,HSI,HK,
1093.HK,,,HSI,HK,
1109.HK,,,HSI,HK,
1113.HK,,,HSI,HK,
1177.HK,,,HSI,HK,
1209.HK,,,HSI,HK,
1211.HK,,,HSI,HK,
1299.HK,,,HSI,HK,
1378.HK,,,HSI,HK,
1398.HK,,,HSI,HK,
1448.HK,,,HSI,HK,
1515.HK,,,HSI,HK,
1810.HK,,,HSI,HK,
1876.HK,,,HSI,HK,
1929.HK,,,HSI,HK,
1997.HK,,,HSI,HK,
2007.HK,,,HSI,HK,
2018.HK,,,HSI,HK,
2020.HK,,,HSI,HK,
2269.HK,,,HSI,HK,
2313.HK,,,HSI,HK,
2318.HK,,,HSI,HK,
2319.HK,,,HSI,HK,
2331.HK,,,HSI,HK,
2382.HK,,,HSI,HK,
2388.HK,,,HSI,HK,
2628.HK,,,HSI,HK,
3328.HK,,,HSI,HK,
3690.HK,,,HSI,HK,
3988.HK,,,HSI,HK,
6098.HK,,,HSI,HK,
6862.HK,,,HSI,HK,
9618.HK,,,HSI,HK,
9626.HK,,,HSI,HK,
9633.HK,,,HSI,HK,
9988.HK,,,HSI,HK,
9999.HK,,,HSI,HK,
1332.T,,,Nikkei225,JP,
1333.T,,,Nikkei225,JP,
1605.T,,,Nikkei225,JP,
1721.T,,,Nikkei225,JP,
1801.T,,,Nikkei225,JP,
1802.T,,,Nikkei225,JP,
1803.T,,,Nikkei225,JP,
1808.T,,,Nikkei225,JP,
1812.T,,,Nikkei225,JP,
1925.T,,,Nikkei225,JP,
1928.T,,,Nikkei225,JP,
2002.T,,,Nikkei225,JP,
2269.T,,,Nikkei225,JP,
2282.T,,,Nikkei225,JP,
2413.T,,,Nikkei225,JP,
2432.T,,,Nikkei225,JP,
2501.T,,,Nikkei225,JP,
2502.T,,,Nikkei225,JP,
2503.T,,,Nikkei225,JP,
2531.T,,,Nikkei225,JP,
2768.T,,,Nikkei225,JP,
2801.T,,,Nikkei225,JP,
2802.T,,,Nikkei225,JP,
2871.T,,,Nikkei225,JP,
2914.T,,,Nikkei225,JP,
3086.T,,,Nikkei225,JP,
3099.T,,,Nikkei225,JP,
3289.T,,,Nikkei225,JP,
3382.T,,,Nikkei225,JP,
3401.T,,,Nikkei225,JP,
3402.T,,,Nikkei225,JP,
3405.T,,,Nikkei225,JP,
3407.T,,,Nikkei225,JP,
3436.T,,,Nikkei225,JP,
3591.T,,,Nikkei225,JP,
3659.T,,,Nikkei225,JP,
3861.T,,,Nikkei225,JP,
3863.T,,,Nikkei225,JP,
4004.T,,,Nikkei225,JP,
4005.T,,,Nikkei225,JP,
4021.T,,,Nikkei225,JP,
4042.T,,,Nikkei225,JP,
4043.T,,,Nikkei225,JP,
4061.T,,,Nikkei225,JP,
4063.T,,,Nikkei225,JP,
4151.T,,,Nikkei225,JP,
4183.T,,,Nikkei225,JP,
4188.T,,,Nikkei225,JP,
4208.T,,,Nikkei225,JP,
4272.T,,,Nikkei225,JP,
4452.T,,,Nikkei225,JP,
4502.T,,,Nikkei225,JP,
4503.T,,,Nikkei225,JP,
4507.T,,,Nikkei225,JP,
4519.T,,,Nikkei225,JP,
4523.T,,,Nikkei225,JP,
4543.T,,,Nikkei225,JP,
4568.T,,,Nikkei225,JP,
4578.T,,,Nikkei225,JP,
4631.T,,,Nikkei225,JP,
4689.T,,,Nikkei225,JP,
4704.T,,,Nikkei225,JP,
4751.T,,,Nikkei225,JP,
4755.T,,,Nikkei225,JP,
4901.T,,,Nikkei225,JP,
4902.T,,,Nikkei225,JP,
4911.T,,,Nikkei225,JP,
5019.T,,,Nikkei225,JP,
5020.T,,,Nikkei225,JP,
5101.T,,,Nikkei225,JP,
5105.T,,,Nikkei225,JP,
5108.T,,,Nikkei225,JP,
5201.T,,,Nikkei225,JP,
5202.T,,,Nikkei225,JP,
5214.T,,,Nikkei225,JP,
5232.T,,,Nikkei225,JP,
5233.T,,,Nikkei225,JP,
5301.T,,,Nikkei225,JP,
5332.T,,,Nikkei225,JP,
5333.T,,,Nikkei225,JP,
5401.T,,,Nikkei225,JP,
5406.T,,,Nikkei225,JP,
5411.T,,,Nikkei225,JP,
5541.T,,,Nikkei225,JP,
5631.T,,,Nikkei225,JP,
5703.T,,,Nikkei225,JP,
5706.T,,,Nikkei225,JP,
5707.T,,,Nikkei225,JP,
5711.T,,,Nikkei225,JP,
5713.T,,,Nikkei225,JP,
5714.T,,,Nikkei225,JP,
5801.T,,,Nikkei225,JP,
5802.T,,,Nikkei225,JP,
5803.T,,,Nikkei225,JP,
6098.T,,,Nikkei225,JP,
6103.T,,,Nikkei225,JP,
6113.T,,,Nikkei225,JP,
6178.T,,,Nikkei225,JP,
6301.T,,,Nikkei225,JP,
6302.T,,,Nikkei225,JP,
6305.T,,,Nikkei225,JP,
6326.T,,,Nikkei225,JP,
6361.T,,,Nikkei225,JP,
6367.T,,,Nikkei225,JP,
6370.T,,,Nikkei225,JP,
6471.T,,,Nikkei225,JP,
6472.T,,,Nikkei225,JP,
6473.T,,,Nikkei225,JP,
6501.T,,,Nikkei225,JP,
6503.T,,,Nikkei225,JP,
6504.T,,,Nikkei225,JP,
6506.T,,,Nikkei225,JP,
6532.T,,,Nikkei225,JP,
6594.T,,,Nikkei225,JP,
6645.T,,,Nikkei225,JP,
6647.T,,,Nikkei225,JP,
6674.T,,,Nikkei225,JP,
6702.T,,,Nikkei225,JP,
6703.T,,,Nikkei225,JP,
6724.T,,,Nikkei225,JP,
6752.T,,,Nikkei225,JP,
6753.T,,,Nikkei225,JP,
6758.T,,,Nikkei225,JP,
6762.T,,,Nikkei225,JP,
6770.T,,,Nikkei225,JP,
6841.T,,,Nikkei225,JP,
6857.T,,,Nikkei225,JP,
6861.T,,,Nikkei225,JP,
6902.T,,,Nikkei225,JP,
6920.T,,,Nikkei225,JP,
6954.T,,,Nikkei225,JP,
6971.T,,,Nikkei225,JP,
6981.T,,,Nikkei225,JP,
6988.T,,,Nikkei225,JP,
7003.T,,,Nikkei225,JP,
7004.T,,,Nikkei225,JP,
7011.T,,,Nikkei225,JP,
7012.T,,,Nikkei225,JP,
7013.T,,,Nikkei225,JP,
7201.T,,,Nikkei225,JP,
7202.T,,,Nikkei225,JP,
7203.T,,,Nikkei225,JP,
7205.T,,,Nikkei225,JP,
7211.T,,,Nikkei225,JP,
7261.T,,,Nikkei225,JP,
7267.T,,,Nikkei225,JP,
7269.T,,,Nikkei225,JP,
7270.T,,,Nikkei225,JP,
7272.T,,,Nikkei225,JP,
7731.T,,,Nikkei225,JP,
7733.T,,,Nikkei225,JP,
7735.T,,,Nikkei225,JP,
7741.T,,,Nikkei225,JP,
7751.T,,,Nikkei225,JP,
7752.T,,,Nikkei225,JP,
7762.T,,,Nikkei225,JP,
7832.T,,,Nikkei225,JP,
7911.T,,,Nikkei225,JP,
7912.T,,,Nikkei225,JP,
7951.T,,,Nikkei225,JP,
8001.T,,,Nikkei225,JP,
8002.T,,,Nikkei225,JP,
8015.T,,,Nikkei225,JP,
8031.T,,,Nikkei225,JP,
8035.T,,,Nikkei225,JP,
8053.T,,,Nikkei225,JP,
8058.T,,,Nikkei225,JP,
8233.T,,,Nikkei225,JP,
8252.T,,,Nikkei225,JP,
8267.T,,,Nikkei225,JP,
8303.T,,,Nikkei225,JP,
8304.T,,,Nikkei225,JP,
8306.T,,,Nikkei225,JP,
8308.T,,,Nikkei225,JP,
8309.T,,,Nikkei225,JP,
8316.T,,,Nikkei225,JP,
8331.T,,,Nikkei225,JP,
8411.T,,,Nikkei225,JP,
8601.T,,,Nikkei225,JP,
8604.T,,,Nikkei225,JP,
8630.T,,,Nikkei225,JP,
8697.T,,,Nikkei225,JP,
8725.T,,,Nikkei225,JP,
8750.T,,,Nikkei225,JP,
8766.T,,,Nikkei225,JP,
8795.T,,,Nikkei225,JP,
8801.T,,,Nikkei225,JP,
8802.T,,,Nikkei225,JP,
8830.T,,,Nikkei225,JP,
9001.T,,,Nikkei225,JP,
9005.T,,,Nikkei225,JP,
9007.T,,,Nikkei225,JP,
9008.T,,,Nikkei225,JP,
9009.T,,,Nikkei225,JP,
9020.T,,,Nikkei225,JP,
9021.T,,,Nikkei225,JP,
9022.T,,,Nikkei225,JP,
9064.T,,,Nikkei225,JP,
9101.T,,,Nikkei225,JP,
9104.T,,,Nikkei225,JP,
9107.T,,,Nikkei225,JP,
9202.T,,,Nikkei225,JP,
9301.T,,,Nikkei225,JP,
9432.T,,,Nikkei225,JP,
9433.T,,,Nikkei225,JP,
9434.T,,,Nikkei225,JP,
9531.T,,,Nikkei225,JP,
9532.T,,,Nikkei225,JP,
9602.T,,,Nikkei225,JP,
9735.T,,,Nikkei225,JP,
9766.T,,,Nikkei225,JP,
9983.T,,,Nikkei225,JP,
9984.T,,,Nikkei225,JP,
